visit_id,detector,band,ra,dec,error_radius,target_name
2024112300235,2,i,38.6151529929,7.424556805,15,t10
2024112300235,2,i,38.6189631529,7.4299767304,10,t11
2024112600107,3,r,38.22855907522,7.25382803041,5,t21
2024112600107,3,r,38.2249204768,7.25655693611,30,t22